Ботинки веселая хрюша бел,39,1
Ботинки веселая хрюша бел,40,7
Ботинки веселая хрюша бел,41,0
Ботинки веселая хрюша бел,42,3
Ботинки веселая хрюша бел,43,0
Ботинки веселая хрюша бел,44,0
Ботинки веселая хрюша бел,45,2
Ботинки веселая хрюша бел,46,11
Ботинки ловкий хомячек чер,38,0
Ботинки ловкий хомячек чер,39,2
Ботинки ловкий хомячек чер,40,0
Ботинки ловкий хомячек чер,41,5
Ботинки ловкий хомячек чер,42,0
Ботинки ловкий хомячек чер,43,6
Ботинки ловкий хомячек чер,44,0
Ботинки ловкий хомячек чер,45,7
Ботинки ловкий хомячек чер,46,0
Ботинки ловкий хомячек чер,47,8
Ботинки лягушка путешественница бел,38,0
Ботинки лягушка путешественница бел,39,3
Ботинки лягушка путешественница бел,40,0
Ботинки лягушка путешественница бел,41,5
Ботинки лягушка путешественница бел,42,0
Ботинки лягушка путешественница бел,43,1
Ботинки лягушка путешественница бел,44,2
Ботинки лягушка путешественница бел,45,3